<component size="1136,640">
  <displayList>
    <component id="n0" name="btn0" src="lvxr10" xy="85,64" size="121,42" group="n3">
      <Button title="Play1"/>
    </component>
    <component id="n1" name="btn1" src="lvxr10" xy="260,64" size="121,42" group="n3">
      <Button title="Play2"/>
    </component>
    <component id="n2" name="btn2" src="lvxr10" xy="435,64" size="121,42" group="n3">
      <Button title="Play3"/>
    </component>
    <component id="n4" name="btn3" src="lvxr10" xy="610,64" size="121,42" group="n3">
      <Button title="Play4"/>
    </component>
    <component id="n5" name="btn4" src="lvxr10" xy="785,62" size="121,42" group="n3">
      <Button title="Play5"/>
    </component>
    <group id="n3" name="g0" xy="85,62" size="821,44" advanced="true"/>
  </displayList>
</component>