<?xml version="1.0" encoding="utf-8"?>
<component size="52,49" extention="Button">
  <controller name="button" pages="0,up,1,down,2,over,3,selectedOver,4,disabled,5,selectedDisabled" selected="4"/>
  <displayList>
    <image id="n4" name="n4" src="g51h8b" xy="1,0">
      <gearDisplay controller="button" pages="4,5"/>
    </image>
    <image id="n3" name="n3" src="g51h8a" xy="4,-1">
      <gearDisplay controller="button" pages="5"/>
    </image>
    <image id="n1" name="n1" src="rpmbq" xy="0,0" size="52,49" aspect="true">
      <gearDisplay controller="button" pages="0,1,2,3"/>
      <relation target="" sidePair="width-width,height-height"/>
    </image>
    <image id="n2" name="n2" src="rpmbp" xy="3,-3" size="58,48" aspect="true">
      <gearDisplay controller="button" pages="1,3"/>
      <relation target="" sidePair="width-width,height-height"/>
    </image>
  </displayList>
  <Button mode="Check"/>
</component>