<?xml version="1.0" encoding="utf-8"?>
<component size="640,890">
  <displayList>
    <component id="n0" name="n0" src="rpmbz" xy="79,159" size="124,45">
      <Button title="弹出菜单"/>
    </component>
    <text id="n1" name="n1" xy="15,18" size="602,51" fontSize="22" autoSize="height" text="“Popup”表示玩家点击任意空白地方弹出的组件就会自动从舞台移走。"/>
    <component id="n2" name="n2" src="rpmbz" xy="338,159" size="124,45">
      <Button title="弹出任意组件"/>
    </component>
  </displayList>
</component>